id;day;month;year
1;El sensor Granite;system-worthy upward-trending;Bedfordshire
2;magenta Refined 24/7;yellow;bifurcated initiative
3;Salad Organized;leverage open-source;plum
4;Shoes Representative;Tuna e-business white;navigate generating
5;transform;Metal efficient;alarm Clothing
6;invoice reinvent executive;deliverables;niches Territories Frozen
7;markets Tasty;calculating Branding;overriding
8;North;Beauty Toys hard;fuchsia indexing
9;Bacon;Bedfordshire transmit;Namibia robust Computers
10;Club intranet technologies;plum;Islands protocol Rhode
